Date,discord,reddit,tg,x
2024-01-30,18,25,0,0
2024-01-31,18,28,0,2
2024-02-01,19,31,0,4
2024-02-02,19,34,0,6
2024-02-03,20,36,0,8
2024-02-04,20,40,0,10
2024-02-05,20,43,0,12
2024-02-06,21,45,0,14
2024-02-07,21,48,0,16
2024-02-08,21,51,0,17
2024-02-09,22,54,0,20
2024-02-10,22,64,1,21
2024-02-11,22,77,9,21
2024-02-12,22,110,9,21
2024-02-13,23,123,15,21
2024-02-14,23,125,17,21
2024-02-15,23,151,23,21
2024-02-16,23,177,22,20
2024-02-17,23,191,25,20
2024-02-18,23,199,32,20
2024-02-19,23,212,34,20
2024-02-20,24,240,36,20
2024-02-21,24,242,40,20
2024-02-22,24,258,41,20
2024-02-23,24,270,47,20
2024-02-24,24,303,49,20
2024-02-25,24,296,54,20
2024-02-26,24,316,56,19
2024-02-27,24,326,59,19
2024-02-28,25,366,65,19
2024-02-29,25,366,64,19
2024-03-01,25,390,67,19
2024-03-02,25,399,71,19
2024-03-03,25,430,76,19
2024-03-04,25,427,82,19
2024-03-05,25,452,84,19
2024-03-06,26,450,84,19
2024-03-07,25,468,88,19
2024-03-08,26,486,93,18
2024-03-09,26,522,99,18
2024-03-10,26,517,98,18
2024-03-11,26,530,105,18
2024-03-12,26,571,108,18
2024-03-13,27,584,107,18
2024-03-14,26,584,115,18
2024-03-15,27,600,119,18
2024-03-16,27,626,117,18
2024-03-17,27,635,120,17
2024-03-18,27,652,125,17
2024-03-19,27,669,130,17
2024-03-20,27,692,136,17
2024-03-21,27,691,135,17
2024-03-22,28,702,137,17
2024-03-23,28,718,144,17
2024-03-24,28,745,146,17
2024-03-25,28,757,153,17
2024-03-26,28,783,151,17
2024-03-27,28,798,155,16
2024-03-28,28,821,160,16
2024-03-29,29,836,165,16
2024-03-30,29,839,168,16
2024-03-31,29,854,171,16
2024-04-01,29,866,172,16
2024-04-02,29,888,176,16
2024-04-03,29,916,181,16
2024-04-04,29,933,184,16
2024-04-05,29,924,187,16
2024-04-06,30,944,188,15
2024-04-07,30,960,195,15
2024-04-08,30,989,194,15
2024-04-09,30,996,203,15
2024-04-10,51,1030,200,34
2024-04-11,101,1196,204,39
2024-04-12,110,1171,209,61
2024-04-13,213,1320,209,110
2024-04-14,205,1414,212,119
2024-04-15,281,1396,219,110
2024-04-16,330,1544,218,160
2024-04-17,327,1603,221,157
2024-04-18,426,1633,222,198
2024-04-19,439,1790,229,186
2024-04-20,485,1934,229,201
2024-04-21,539,1913,234,255
2024-04-22,526,2036,238,262
2024-04-23,618,2099,241,263
2024-04-24,620,2169,243,313
2024-04-25,632,2302,247,301
2024-04-26,679,2265,249,346
2024-04-27,773,2347,249,344
2024-04-28,773,2403,254,388
2024-04-29,824,2611,256,368
2024-04-30,863,2562,261,409
2024-05-01,896,2719,261,430
2024-05-02,947,2842,266,429
2024-05-03,1015,2889,269,461
2024-05-04,981,2996,271,476
2024-05-05,1071,3055,273,495
2024-05-06,1064,3054,278,504
2024-05-07,1144,3263,279,548
2024-05-08,1215,3337,282,568
2024-05-09,1237,3356,285,559
2024-05-10,1216,3345,284,604
2024-05-11,1279,3432,288,618
2024-05-12,1361,3566,291,648
2024-05-13,1350,3663,297,632
2024-05-14,1417,3703,297,681
2024-05-15,1444,3865,298,667
2024-05-16,1519,3967,303,715
2024-05-17,1525,4013,306,714
2024-05-18,1524,4016,310,722
2024-05-19,1608,4177,313,756
2024-05-20,1684,4115,313,795
2024-05-21,1691,4291,319,796
2024-05-22,1719,4286,317,804
2024-05-23,1729,4391,322,813
2024-05-24,1813,4575,323,856
2024-05-25,1881,4619,327,859
2024-05-26,1879,4582,328,889
2024-05-27,1952,4669,335,915
2024-05-28,1994,4864,339,908
2024-05-29,1988,4960,339,962
2024-05-30,2018,4895,344,965
2024-05-31,2090,5079,347,975
2024-06-01,2126,5167,347,1012
2024-06-02,2187,5172,352,1011
2024-06-03,2220,5231,356,1053
2024-06-04,2203,5405,357,1070
2024-06-05,2301,5434,361,1073
2024-06-06,2285,5450,361,1092
2024-06-07,2370,5513,363,1093
2024-06-08,2355,5742,366,1122
2024-06-09,2434,5789,368,1158
2024-06-10,2470,5860,371,1176
2024-06-11,2527,5882,372,1181
2024-06-12,2527,5961,380,1215
2024-06-13,2552,5995,382,1222
2024-06-14,2597,6114,382,1237
2024-06-15,2670,6282,388,1245
2024-06-16,2671,6239,387,1267
2024-06-17,2731,6362,393,1281
2024-06-18,2808,6466,395,1326
2024-06-19,2829,6547,399,1330
2024-06-20,2826,6549,402,1338
2024-06-21,2875,6621,406,1357
2024-06-22,2873,6627,407,1356
2024-06-23,2879,6620,408,1362
2024-06-24,2879,6626,416,1369
2024-06-25,2888,6649,416,1363
2024-06-26,2900,6644,421,1377
2024-06-27,2903,6660,425,1376
2024-06-28,2902,6655,428,1376
2024-06-29,2907,6669,427,1382
2024-06-30,2908,6672,438,1386
2024-07-01,2922,6690,437,1385
2024-07-02,2928,6704,436,1389
2024-07-03,2928,6710,444,1392
2024-07-04,2934,6707,445,1402
2024-07-05,2934,6711,449,1403
2024-07-06,2947,6724,449,1402
2024-07-07,2950,6722,461,1410
2024-07-08,2956,6740,457,1410
2024-07-09,2968,6742,466,1414
2024-07-10,2971,6752,469,1420
2024-07-11,2976,6756,466,1424
2024-07-12,2972,6766,474,1424
2024-07-13,2978,6773,478,1426
2024-07-14,2991,6771,477,1435
2024-07-15,2990,6782,487,1432
2024-07-16,2998,6802,483,1434
2024-07-17,3009,6810,487,1445
2024-07-18,3006,6812,492,1444
2024-07-19,3008,6826,494,1445
2024-07-20,3016,6832,497,1456
2024-07-21,3027,6828,506,1451
2024-07-22,3021,6846,508,1461
2024-07-23,3031,6840,514,1464
2024-07-24,3032,6865,513,1466
2024-07-25,3046,6867,512,1471
2024-07-26,3043,6873,517,1469
2024-07-27,3058,6882,521,1479
2024-07-28,3065,6878,531,1478
2024-07-29,3065,6884,530,1483
2024-07-30,3072,6909,530,1485
2024-07-31,3079,6896,537,1484
2024-08-01,3077,6915,540,1488
2024-08-02,3079,6921,546,1496
2024-08-03,3098,6925,549,1495
2024-08-04,3092,6941,545,1503
2024-08-05,3107,6951,550,1507
2024-08-06,3104,6959,560,1510
2024-08-07,3112,6947,562,1513
2024-08-08,3110,6959,562,1517
2024-08-09,3118,6972,565,1518
2024-08-10,3128,6991,569,1520
2024-08-11,3133,6978,569,1526
2024-08-12,3146,7000,578,1527
2024-08-13,3144,6992,579,1527
2024-08-14,3141,7003,582,1539
2024-08-15,3156,7022,585,1535
2024-08-16,3157,7025,589,1547
2024-08-17,3166,7033,595,1542
2024-08-18,3172,7030,594,1549
2024-08-19,3175,7042,601,1547
2024-08-20,3174,7064,599,1560
2024-08-21,3181,7052,604,1561
2024-08-22,3190,7073,608,1559
2024-08-23,3189,7083,616,1570
2024-08-24,3195,7085,618,1569
2024-08-25,3203,7085,613,1569
2024-08-26,3214,7089,626,1575
2024-08-27,3218,7115,625,1583
2024-08-28,3214,7106,628,1582
2024-08-29,3231,7129,627,1588
2024-08-30,3225,7116,635,1587
2024-08-31,3230,7131,633,1591
2024-09-01,3245,7139,637,1597
2024-09-02,3242,7156,645,1594
2024-09-03,3251,7152,652,1603
2024-09-04,3250,7159,652,1605
2024-09-05,3255,7164,654,1613
2024-09-06,3274,7184,661,1610
2024-09-07,3267,7190,658,1611
2024-09-08,3279,7192,666,1614
2024-09-09,3280,7191,668,1623
2024-09-10,3282,7210,674,1625
2024-09-11,3298,7220,678,1627
2024-09-12,3293,7222,679,1635
2024-09-13,3300,7230,685,1636
2024-09-14,3313,7239,683,1643
2024-09-15,3312,7233,683,1639
2024-09-16,3315,7257,689,1641
2024-09-17,3331,7264,690,1645
2024-09-18,3336,7275,699,1652
2024-09-19,3343,7263,697,1655
2024-09-20,3343,7282,701,1659
2024-09-21,3351,7292,708,1661
2024-09-22,3347,7287,705,1662
2024-09-23,3353,7314,714,1666
2024-09-24,3355,7303,712,1674
2024-09-25,3370,7312,717,1671
2024-09-26,3378,7334,721,1676
2024-09-27,3370,7335,724,1686
2024-09-28,3381,7336,727,1690
2024-09-29,3387,7337,728,1693
2024-09-30,3394,7363,736,1688
2024-10-01,3395,7355,735,1694
2024-10-02,3405,7365,749,1708
2024-10-03,3416,7374,758,1724
2024-10-04,3428,7387,767,1736
2024-10-05,3438,7393,776,1746
2024-10-06,3450,7405,788,1762
2024-10-07,3463,7419,797,1778
2024-10-08,3472,7426,810,1792
2024-10-09,3480,7440,821,1803
2024-10-10,3490,7447,829,1815
2024-10-11,3506,7463,836,1827
2024-10-12,3517,7472,847,1845
2024-10-13,3528,7481,856,1858
2024-10-14,3540,7495,868,1869
2024-10-15,3547,7501,881,1886
2024-10-16,3560,7511,891,1899
2024-10-17,3571,7527,899,1909
2024-10-18,3580,7539,911,1924
2024-10-19,3591,7544,921,1943
2024-10-20,3630,7621,941,1972
2024-10-21,3664,7946,950,2003
2024-10-22,3727,8201,970,2032
2024-10-23,3800,8361,987,2103
2024-10-24,3840,8539,999,2124
2024-10-25,3881,8736,1024,2150
2024-10-26,3919,9101,1043,2216
2024-10-27,3978,9343,1068,2245
2024-10-28,4015,9404,1081,2285
2024-10-29,4099,9720,1095,2335
2024-10-30,4117,9955,1117,2346
2024-10-31,4209,10203,1137,2386
2024-11-01,4254,10335,1145,2432
2024-11-02,4303,10723,1175,2459
2024-11-03,4332,10949,1181,2524
2024-11-04,4417,11081,1209,2536
2024-11-05,4455,11347,1224,2583
2024-11-06,4485,11545,1247,2633
2024-11-07,4564,11872,1251,2664
2024-11-08,4586,12036,1269,2718
2024-11-09,4640,12254,1297,2763
2024-11-10,4695,12505,1306,2788
2024-11-11,4754,12679,1335,2843
2024-11-12,4831,12901,1342,2880
2024-11-13,4879,13240,1364,2909
2024-11-14,4903,13529,1378,2947
2024-11-15,4980,13727,1396,2979
2024-11-16,5006,13812,1412,3034
2024-11-17,5092,14011,1436,3048
2024-11-18,5113,14282,1459,3096
2024-11-19,5187,14478,1464,3142
2024-11-20,5227,14810,1487,3171
2024-11-21,5283,14969,1523,3207
2024-11-22,5301,15051,1539,3261
2024-11-23,5368,15254,1556,3301
2024-11-24,5387,15390,1581,3319
2024-11-25,5435,15513,1599,3373
2024-11-26,5508,15611,1636,3422
2024-11-27,5525,15861,1650,3435
2024-11-28,5572,15952,1683,3496
2024-11-29,5620,16072,1693,3533
2024-11-30,5681,16254,1728,3568
2024-12-01,5724,16406,1745,3604
2024-12-02,5760,16619,1773,3635
2024-12-03,5798,16739,1796,3671
2024-12-04,5852,16924,1810,3730
2024-12-05,5886,16987,1837,3778
2024-12-06,5952,17207,1852,3816
2024-12-07,5972,17323,1885,3849
2024-12-08,6013,17473,1900,3877
2024-12-09,6080,17612,1922,3928
2024-12-10,6101,17744,1953,3974
2024-12-11,6183,17959,1981,4003
2024-12-12,6194,18068,1989,4023
2024-12-13,6262,18186,2018,4091
2024-12-14,6284,18359,2045,4112
2024-12-15,6350,18527,2070,4144
2024-12-16,6404,18725,2095,4212
2024-12-17,6439,18874,2117,4222
2024-12-18,6481,18904,2137,4266
2024-12-19,6544,19136,2149,4309
2024-12-20,6554,19204,2173,4341
2024-12-21,7097,20216,2315,4770
2024-12-22,7612,21204,2456,5165
2024-12-23,7625,21324,2467,5205
2024-12-24,7641,21444,2484,5241
2024-12-25,7655,21580,2496,5281
2024-12-26,7671,21674,2513,5323
2024-12-27,7688,21803,2524,5365
2024-12-28,7702,21903,2538,5399
2024-12-29,7714,22022,2554,5446
2024-12-30,7731,22154,2566,5481
2024-12-31,7748,22271,2583,5532
2025-01-01,7784,22338,2595,5562
2025-01-02,7812,22434,2602,5621
2025-01-03,7849,22494,2612,5651
2025-01-04,7881,22581,2622,5679
2025-01-05,7921,22649,2637,5727
2025-01-06,7953,22752,2645,5761
2025-01-07,7976,22831,2655,5811
2025-01-08,8005,22883,2667,5861
2025-01-09,8051,22977,2673,5894
2025-01-10,8070,23086,2686,5931
2025-01-11,8112,23133,2698,5974
2025-01-12,8143,23203,2704,6023
2025-01-13,8177,23304,2715,6063
2025-01-14,8201,23376,2727,6093
2025-01-15,8244,23450,2733,6147
2025-01-16,8264,23552,2746,6191
2025-01-17,8303,23620,2757,6228
2025-01-18,8331,23686,2764,6263
2025-01-19,8370,23760,2777,6308
2025-01-20,8389,23833,2784,6330
2025-01-21,8441,24002,2788,6400
